ID	CONCEPT	DATECREATED	DATEMODIFIED	EN_GLOSS	FORM_IN_SOURCE	GUID	LANGUAGE	LANGUAGE_IN_SOURCE	OID	ORDER	ORTHOGRAPHY	POS	PT_GLOSS	REFERENCE	SENSE_ID
1	red	2014-04-09T18:49:54Z	2014-04-19T20:31:32Z	red	katǘm	0489aee9-d3a8-4fe9-9c30-c438783ce921	ijc	ijc	katüm_0489aee9-d3a8-4fe9-9c30-c438783ce921		katüm		vermelho		c5cebc0a-9abb-45e7-9a20-57f2aca8247a
2	chest	2014-04-09T16:34:26Z	2014-04-21T13:13:32Z	chest	kărati	0d644d18-b7d3-4425-8a50-6666dbba58ae	ijc	ijc	karati_0d644d18-b7d3-4425-8a50-6666dbba58ae		karati		peito		0e580ec9-2e57-4f32-9618-0ef468402d9b
3	howler monkey	2014-04-09T18:10:10Z	2014-04-19T02:15:24Z	howler monkey	aurë́m	11194419-3c53-44e7-82b7-ef1916b0a44c	ijc	ijc	aurem_11194419-3c53-44e7-82b7-ef1916b0a44c		aurem		guariba		ea3a213d-6fea-4683-83b9-4bc7f2f768af
4	drawstring waist	2014-04-09T17:24:13Z	2014-04-19T20:04:04Z	drawstring waist	mukón	13a50206-5400-4297-bf92-7d38d2115ca4	ijc	ijc	mukon_13a50206-5400-4297-bf92-7d38d2115ca4		mukon		cordão da cintura		cc1f2dff-2761-456b-8acd-884a733d950d
5	armadillo	2014-04-09T18:11:59Z	2014-04-19T20:25:17Z	armadillo	u̥krí	1437b5bb-3161-4649-a516-b285fe9bc5aa	ijc	ijc	ykri_1437b5bb-3161-4649-a516-b285fe9bc5aa		ykri		tatú		049a822b-fabc-4c6e-a2b4-6b391c545457
6	tortoise	2014-04-09T17:00:20Z	2014-12-07T18:43:06Z	tortoise	toá	17430aa5-d5c7-4542-ad6c-fa4ea7649cfe	ijc	ijc	toa1_17430aa5-d5c7-4542-ad6c-fa4ea7649cfe	1	toa		jaboty		3b46d12c-7952-44db-ae84-6d601c5486b7" order="1
7	my hand	2014-04-09T19:02:27Z	2014-04-21T13:14:52Z	my hand	tipra	1b86c296-d4ef-4216-9497-b10535d0cda0	ijc	ijc	*tipra_1b86c296-d4ef-4216-9497-b10535d0cda0		*tipra		minha mão		c3e43b9e-4612-4e60-b4f8-efb3a6e016e1
8	hammock	2014-04-09T17:18:42Z	2014-04-19T02:25:34Z	hammock	siá	1bce7e1a-6b8d-4149-9ffe-9c917c7c5062	ijc	ijc	sia_1bce7e1a-6b8d-4149-9ffe-9c917c7c5062		sia		rede		56ce01da-8dbb-4982-9a0d-c41fd5d4624a
9	my Uncle	2014-04-09T17:31:20Z	2014-04-19T02:04:24Z	my Uncle	ah̠ṓ	1ede7cd9-e031-4a90-be04-2d02a15d25bc	ijc	ijc	aho_1ede7cd9-e031-4a90-be04-2d02a15d25bc		aho		meu tio		e7b92ece-76a6-4e6c-a82a-11e17facc56d
10	big	2014-04-13T15:37:07Z	2014-04-19T20:22:16Z	big	ĕvekem	2058685d-d9d2-48f6-9d5f-45998d196fa7	ijc	ijc	evekem_2058685d-d9d2-48f6-9d5f-45998d196fa7		evekem		grande		a707a208-7d6b-4b00-9109-29c9c8ca2f3b
11	snake	2014-04-09T18:14:37Z	2014-04-19T20:29:25Z	snake	krakáu	264b0eb4-6fb1-4cce-acc3-e1759a933197	ijc	ijc	krakaw_264b0eb4-6fb1-4cce-acc3-e1759a933197		krakaw		cobra		2575aca9-0827-488c-aa29-25d4851ac97d
12	hand	2014-04-09T16:36:25Z	2014-04-21T13:14:56Z	hand	tipra	26faeae8-0341-4f98-baaf-edfa41754732	ijc	ijc	tipra_26faeae8-0341-4f98-baaf-edfa41754732		tipra		mão		965abfb5-6371-42ed-87fb-007583839479
13	star	2014-04-09T16:45:31Z	2014-04-19T20:28:42Z	star	upiṓ	299eab6e-479d-49e0-9a15-cb94bf2a4f5e	ijc	ijc	upio_299eab6e-479d-49e0-9a15-cb94bf2a4f5e		upio		estrela		b7cc53c9-ecf7-4899-9f6d-c8ad800d011b
14	Jarú	2014-04-09T17:33:48Z	2014-04-19T02:12:18Z	Jarú	yarú	2c609bf4-d741-4ff5-b63a-1155f40479e2	ijc	ijc	jaru_2c609bf4-d741-4ff5-b63a-1155f40479e2		jaru		Jarú		b1468d1c-48dd-444e-b114-431091cdee5a
15	wind	2014-04-09T17:04:27Z	2014-04-18T23:27:11Z	wind	kaku̥	2de2dc7f-f234-4d8e-a63d-6f6a16e0d67a	ijc	ijc	kaky_2de2dc7f-f234-4d8e-a63d-6f6a16e0d67a		kaky		vento		60038b0d-9653-4362-9051-b6e819f6f6ac
16	land	2014-04-09T17:16:13Z	2014-04-19T02:10:45Z	land	manakã́	32c1186e-b814-4763-91da-141834b529df	ijc	ijc	manakan_32c1186e-b814-4763-91da-141834b529df		manakan		terra		73bbd63d-7acb-4930-9179-91bc30b6a9c3
17	rain	2014-04-09T17:07:14Z	2014-04-19T20:31:44Z	rain	su̥í	353149df-658a-4d72-9947-8df8695566d1	ijc	ijc	syi_353149df-658a-4d72-9947-8df8695566d1		syi		chuva		1528fed4-58d2-43d0-a573-4386008d5c35
18	brain	2014-04-09T16:41:27Z	2014-04-21T13:13:20Z	brain	müripi	37da98d9-3a82-49a7-a656-a7fc596da850	ijc	ijc	müripi_37da98d9-3a82-49a7-a656-a7fc596da850		müripi		cerebro		a26537e4-1d41-4d84-b057-06cb32451300
19	father	2014-04-09T17:37:10Z	2014-04-19T20:01:07Z	father	ëtë́	39e34c46-9b67-41d1-8794-89fdc440e328	ijc	ijc	ete_39e34c46-9b67-41d1-8794-89fdc440e328		ete		pae		58306368-69a3-4f54-b893-b4393f587e6d
20	my son	2014-04-09T17:38:13Z	2014-04-19T02:04:36Z	my son	kaviyí	3f60835a-a3ab-4724-a92d-4a906d44e22d	ijc	ijc	kaviji_3f60835a-a3ab-4724-a92d-4a906d44e22d		kaviji		meu filho		cfd76d51-6ac3-4070-9321-7a842b4ad424
21	tapir	2014-04-09T18:11:17Z	2014-04-18T23:45:13Z	tapir	imín	3f8addd2-24ac-441a-b056-077eda321bb5	ijc	ijc	imin_3f8addd2-24ac-441a-b056-077eda321bb5		imin		anta		ae5d4f3f-b914-4a09-9007-26f26e98c8dd
22	ax	2014-04-09T17:20:50Z	2014-04-19T20:24:03Z	ax	yatiikíd	408c0d43-1ff9-440d-acc8-3cc3108924e0	ijc	ijc	jatiikit_408c0d43-1ff9-440d-acc8-3cc3108924e0		jatiikit		machado		1d0d00d1-3a91-4dea-aabc-6cba257d3654
23	sky	2014-04-09T16:42:34Z	2014-04-19T20:30:25Z	sky	awín	41104c3e-3f49-44d8-a568-8d6a080de0e5	ijc	ijc	awin_41104c3e-3f49-44d8-a568-8d6a080de0e5		awin		céu		63c239ab-96d0-4631-be65-315f27d3fc1d
24	potato	2014-04-09T18:21:59Z	2014-04-19T01:59:31Z	potato	matán	473bb185-ee2b-45b5-a4d3-4f6ffd7a3049	ijc	ijc	matan_473bb185-ee2b-45b5-a4d3-4f6ffd7a3049		matan		batata		764fc841-e09e-42eb-b670-31f3accc3b6d
25	indian	2014-04-09T17:35:06Z	2014-04-19T02:13:11Z	indian	wanyám	4961918e-673f-4938-b871-b1dae136e97b	ijc	ijc	wanjam_4961918e-673f-4938-b871-b1dae136e97b		wanjam		índio		77e86352-83b1-4719-93e1-6406ab6cff10
26	hit	2014-04-13T15:11:33Z	2014-04-19T02:21:39Z	hit	tu	4c8fde5c-f1d2-4e3b-a473-f0fc9c44c05c	ijc	ijc	tu_4c8fde5c-f1d2-4e3b-a473-f0fc9c44c05c		tu		bater		fed1bdbb-ec41-407f-9596-b92af2ec74a8
27	man	2014-04-09T17:27:37Z	2014-04-19T02:09:19Z	man	kitramá	4fe640ac-b0d3-4f86-917f-ae69ab9fd020	ijc	ijc	kitrama_4fe640ac-b0d3-4f86-917f-ae69ab9fd020		kitrama		homem		1b1e33f9-f6fb-489c-a13a-5acaeb693cb9
28	yam	2014-04-09T18:18:47Z	2014-04-21T13:48:40Z	yam	mara	52f3aff8-5826-498b-8ee6-d69e2e8852df	ijc	ijc	mara_52f3aff8-5826-498b-8ee6-d69e2e8852df		mara		cará		e0d573ff-d06d-415d-8c62-a8feb3ab0711
29	wife	2014-04-21T14:21:29Z	2014-12-07T18:45:45Z	wife		57ddec7f-a61e-43bb-bc1e-64875d659017	ijc		ine_57ddec7f-a61e-43bb-bc1e-64875d659017		ine		esposa		f3abe7cf-2059-4154-bda8-db086aa6cfac
30	sleep	2014-04-09T18:51:05Z	2014-04-19T20:30:11Z	sleep	tak	58588bd1-a5ba-44b4-bff9-5755de1ce5e2	ijc	ijc	tak_58588bd1-a5ba-44b4-bff9-5755de1ce5e2		tak		durma		d3929b07-b311-428b-b104-683b7ab75340
31	sun	2014-04-09T16:43:36Z	2014-04-18T23:47:39Z	sun	kumẽ́n	599e60ad-b4fb-4daa-bc3d-1db815f7221c	ijc	ijc	kumen_599e60ad-b4fb-4daa-bc3d-1db815f7221c		kumen		sol		510a3ced-f349-4b7f-97ea-605aa4c191fa
32	go	2014-04-13T15:07:08Z	2014-04-19T19:51:45Z	go	mao	5afa8bd4-a50b-4c57-827c-84ec5ef2f96e	ijc	ijc	maw_5afa8bd4-a50b-4c57-827c-84ec5ef2f96e		maw		ir		646bb9cd-5530-4466-9816-d5efae433536
33	tucumã	2014-04-09T18:19:55Z	2014-04-18T23:28:10Z	tucumã	ŭruuwáu	5eb1ee19-72dd-48a8-9977-fbf55a037437	ijc	ijc	uruuwaw_5eb1ee19-72dd-48a8-9977-fbf55a037437		uruuwaw		tucumã		4d7f55d2-04de-49d9-8efb-529e02d1a865
34	stone	2014-04-09T17:03:39Z	2014-04-18T23:48:48Z	stone	pakün	5f4e9c55-411d-4e0e-a6ba-6a6e33eb98de	ijc	ijc	pakün_5f4e9c55-411d-4e0e-a6ba-6a6e33eb98de		pakün		pedra		de42eb23-831b-4798-9993-59ae4d3edcf5
35	trap	2014-04-09T17:02:49Z	2014-12-07T18:43:23Z	trap	yĕōpawín	5ff78e42-fbfc-4028-a9dd-0924fc8de310	ijc	ijc	jeopawin_5ff78e42-fbfc-4028-a9dd-0924fc8de310		jeopawin		tocaia		ac828e41-2b32-4c4e-9707-ec7dee4c72c9" order="1
36	eel	2014-04-09T18:15:46Z	2014-04-19T20:02:35Z	eel	nowí	6145dd2c-f872-463a-96d3-b0e5f7e2d067	ijc	ijc	nowi_6145dd2c-f872-463a-96d3-b0e5f7e2d067		nowi		puraqué		e6917d0c-cfd8-4e06-b9a7-1a639d62e1d8
37	soul of the deceases	2014-04-09T17:36:01Z	2014-04-19T20:29:09Z	soul of the deceases	u̥yam	61bd3296-05f6-4287-94ea-e0d0d9bdbb06	ijc	ijc	yjam_61bd3296-05f6-4287-94ea-e0d0d9bdbb06		yjam		alma de defunto		e50cfc51-78f0-43f0-a54b-aa94ae601e28
38	he	2014-04-09T19:01:10Z	2014-04-19T02:22:50Z	he	okáin	648a26d3-d740-4680-bcd1-463f50b8601b	ijc	ijc	okaɲ_648a26d3-d740-4680-bcd1-463f50b8601b		okaɲ		ele		7e5f68a1-0449-4d4a-a5aa-bed75e49f544
39	back	2014-04-09T16:35:20Z	2014-04-21T13:12:32Z	back	ĕrawa	64951c5e-db17-4cd4-9355-2b87b4a2c9e9	ijc	ijc	erawa_64951c5e-db17-4cd4-9355-2b87b4a2c9e9		erawa		costas		715253ea-5682-4c09-bf3b-e9361de7c64f
40	son	2014-04-09T17:39:22Z	2014-04-19T01:51:41Z	son	kayina	69606b32-7e7e-46e2-ac35-28fa0ad58cf8	ijc	ijc	kajina_69606b32-7e7e-46e2-ac35-28fa0ad58cf8		kajina		filho		bb0aba18-5b0c-426e-97eb-8f120f5a6945
41	3sg.pst	2014-04-13T15:23:27Z	2014-04-19T20:27:08Z	3sg.pst	na	698bea7c-e8ec-4421-abc9-fc795a2a46b5	ijc	ijc	=na_698bea7c-e8ec-4421-abc9-fc795a2a46b5		=na		3sg.pst		4e71aca9-8899-40b7-a678-5e7ce64501ae
42	banana	2014-04-09T18:22:23Z	2014-04-19T20:23:19Z	banana	miwá	69acf1f6-fe92-43f7-8cad-c95c72f5e9fe	ijc	ijc	miwa_69acf1f6-fe92-43f7-8cad-c95c72f5e9fe		miwa		banana		eb26a768-932f-416e-9b5b-82753bfe4fb1
43	cotton	2014-04-09T18:18:18Z	2014-04-19T20:06:09Z	cotton	u̥óm	6ac14885-cf26-4adb-8042-6bd5a3c81c26	ijc	ijc	yom_6ac14885-cf26-4adb-8042-6bd5a3c81c26		yom		algodão		9445b6a9-986e-4706-bbab-d41dfce3fe95
44	jaguar	2014-04-09T18:01:23Z	2014-04-19T02:12:49Z	jaguar	kinã́m	6c64f2c5-3ffb-4fb2-ab41-3feecf1ae5d9	ijc	ijc	kinam_6c64f2c5-3ffb-4fb2-ab41-3feecf1ae5d9		kinam		onça		02bf18b0-f213-4332-b0a0-2851b8e7e14f
45	guan	2014-04-09T18:04:20Z	2014-04-19T20:32:12Z	guan	pihu̥n	6cf8dee3-5d3e-4060-82ec-ac309cc88224	ijc	ijc	pihyn_6cf8dee3-5d3e-4060-82ec-ac309cc88224		pihyn		cujubim?		e5516347-76af-4690-86f1-20460a4f090c" order="1
46	parrot	2014-04-09T18:03:50Z	2014-04-19T02:01:53Z	parrot	turáu	6ef9e5ae-20a3-4eee-b591-b8227c590372	ijc	ijc	turaw_6ef9e5ae-20a3-4eee-b591-b8227c590372		turaw		papagaio		5700b320-269c-46f4-be9f-d31b2bfbca5a
47	nose	2014-04-09T16:30:56Z	2014-04-21T13:15:30Z	nose	yure	6f56d242-ee07-44c5-9523-c79d9d0da2fb	ijc	ijc	jure_6f56d242-ee07-44c5-9523-c79d9d0da2fb		jure		nariz		788d597f-cc8f-4258-a41f-1013bf555502
48	many	2014-04-09T18:45:10Z	2014-04-19T02:08:01Z	many	katimisám	6f871d21-0d7c-404a-8488-1a7260390841	ijc	ijc	katimisam_6f871d21-0d7c-404a-8488-1a7260390841		katimisam		muitos		461b117e-a33a-447c-a0a4-33cd1ca8d7b7
49	small	2014-04-13T15:38:23Z	2014-04-19T01:54:37Z	small	iamaĩ	6fc53bc6-072c-4eb0-a12b-7c1f245b9840	ijc	ijc	iamaɲ_6fc53bc6-072c-4eb0-a12b-7c1f245b9840		iamaɲ		pequeno		10f4b766-65cb-4ac3-bc5f-078ae2af27d1
50	hook	2014-04-09T17:26:08Z	2014-04-19T02:17:06Z	hook	piná	713e19b8-9332-4eeb-bd51-2b465aa5a7ee	ijc	ijc	pina_713e19b8-9332-4eeb-bd51-2b465aa5a7ee		pina		anzol		56ed0d6d-f396-4e3d-963d-ad41c30f1555
51	foot	2014-04-09T16:19:44Z	2014-04-21T13:07:59Z	foot	katima	7477ca34-1dfa-4b3e-90be-cbb2a2420d11	ijc	ijc	katima_7477ca34-1dfa-4b3e-90be-cbb2a2420d11		katima		pé		43e074ce-d595-4fd1-85fe-81e3d186b2a0
52	child	2014-04-09T17:28:17Z	2014-04-19T20:16:16Z	child	uhunyám	758501c8-f3f2-4686-a98d-adc097fd8c0c	ijc	ijc	uhunjam_758501c8-f3f2-4686-a98d-adc097fd8c0c		uhunjam		criança		a3311677-c06b-49c0-a531-09e12679c144
53	bench	2014-04-09T17:26:59Z	2014-04-19T20:22:32Z	bench	ĕruí	78e2d7e3-826f-48a8-9792-cf4d210ef1cf	ijc	ijc	erui_78e2d7e3-826f-48a8-9792-cf4d210ef1cf		erui		banco		b816cf6d-4639-40e5-bd5b-074c66c11aea
54	drink	2014-04-09T18:53:04Z	2014-04-19T20:03:40Z	drink	tok	78f1dd15-ce85-4e8c-b87e-a797b2c50959	ijc	ijc	tok_78f1dd15-ce85-4e8c-b87e-a797b2c50959		tok		beba		3dddec01-8ab8-473c-99b5-811d4d5cc8b6
55	skin	2014-04-09T16:28:45Z	2014-04-21T13:15:59Z	skin	tupări	79b0128a-8588-4a00-af9f-d57ff08cbaa2	ijc	ijc	tupari_79b0128a-8588-4a00-af9f-d57ff08cbaa2		tupari		pele		4a2c83d6-2aac-4562-b964-1252ca71dd01
56	pot	2014-04-09T17:19:52Z	2014-04-19T02:00:00Z	pot	erivǘn	7c9288f7-b42a-4d49-8ca6-a9c7611d9d62	ijc	ijc	erivün_7c9288f7-b42a-4d49-8ca6-a9c7611d9d62		erivün		panela		6423e7da-612e-4767-82a4-ae5f5b50f8b5
57	tooth	2014-04-09T16:12:11Z	2014-04-18T23:36:51Z	tooth	yeti	80a96c19-d0ba-48c5-bfe1-668ebe7ffa81	ijc	ijc	jeti_80a96c19-d0ba-48c5-bfe1-668ebe7ffa81		jeti		dente		f8c9af73-82c6-4d96-af3e-3f07f3619817
58	stick	2014-04-09T18:16:32Z	2014-04-19T01:49:10Z	stick	paná	85c1b4a2-b4d0-473e-8083-518f729586b9	ijc	ijc	pana_85c1b4a2-b4d0-473e-8083-518f729586b9		pana		pau		2ac9602b-b0ab-43ec-9d5b-182075c571ba
59	curassow	2014-04-09T17:01:14Z	2014-12-07T18:37:13Z	curassow	otín	86ff95e8-7d1c-420c-967a-ded5c405ad49	ijc	ijc	otin_86ff95e8-7d1c-420c-967a-ded5c405ad49		otin		mutum		967c794d-f754-46b2-8652-e075a4684c7e" order="1
60	blood	2014-04-09T16:29:33Z	2014-04-21T13:12:56Z	blood	wiki	88458199-46d7-42ba-9e75-e0387c11ff5a	ijc	ijc	wiki_88458199-46d7-42ba-9e75-e0387c11ff5a		wiki		sangue		90b836f5-da28-4141-81b3-4ac37aad53e6
61	ash	2014-04-09T17:08:54Z	2014-04-19T20:24:29Z	ash	murupatekón	89fe2e19-c770-4f18-b588-6c3d4f49d46d	ijc	ijc	murupatekon_89fe2e19-c770-4f18-b588-6c3d4f49d46d		murupatekon		cinza		393451af-4165-4c99-86cc-67a207411a33
62	white	2014-04-09T18:48:48Z	2014-04-18T23:27:17Z	white	katuá	8aa88b6a-f06d-4fb8-978b-87caa8363415	ijc	ijc	katua_8aa88b6a-f06d-4fb8-978b-87caa8363415		katua		branco		cb0290aa-d135-4418-af60-edaf8eed02c2
63	vulture	2014-04-09T18:03:24Z	2014-04-18T23:27:51Z	vulture	mu̥hu̥	8b5b8c89-7707-4929-86d1-0e84a230e1dc	ijc	ijc	myhy_8b5b8c89-7707-4929-86d1-0e84a230e1dc		myhy		urubu		8f4a01da-d843-4935-ad6d-7ccc6cf224d4
64	I	2014-04-09T18:57:44Z	2014-04-19T02:14:44Z	I	watá	8cc742bc-976e-49f9-9c62-581f36e9c98c	ijc	ijc	wata_8cc742bc-976e-49f9-9c62-581f36e9c98c		wata		eu		a0bbb436-1199-4ae8-a207-a3c1d738fe04
65	hair	2014-04-09T16:33:09Z	2014-04-21T13:14:42Z	hair	üpii	8ccd1316-d023-45c9-9761-d8e151e3305c	ijc	ijc	üpii_8ccd1316-d023-45c9-9761-d8e151e3305c		üpii		cabelo		6d2a114d-0914-4624-89a5-0990041b74ea
66	moon	2014-04-09T17:05:15Z	2014-04-19T02:07:39Z	moon	panaṓ	8d36636c-ece5-4d1e-922c-1f0b567798b0	ijc	ijc	panao_8d36636c-ece5-4d1e-922c-1f0b567798b0		panao		lua		0b43ac89-38bb-459b-9abb-6d278f3d9650
67	caiman	2014-04-09T18:14:07Z	2014-04-19T20:19:15Z	caiman	ahób	91a6c45c-2a14-4f24-a314-041df8f6ebc8	ijc	ijc	ahop_91a6c45c-2a14-4f24-a314-041df8f6ebc8		ahop		jacaré		014c77a5-3a5a-47ec-8f47-a54ec42c07ef
68	comb	2014-04-09T17:21:46Z	2014-04-19T20:13:32Z	comb	toá	93a78356-55a8-439a-af88-3044459d0ae2	ijc	ijc	toa2_93a78356-55a8-439a-af88-3044459d0ae2	2	toa		pente		efe43139-df7d-4417-b306-51cf0d7d7d01
69	eye	2014-04-09T16:14:44Z	2014-04-21T13:14:00Z	eye	tükĕ	9470d2d8-ae59-433c-b46a-667c0c2bfb95	ijc	ijc	tüke_9470d2d8-ae59-433c-b46a-667c0c2bfb95		tüke		olho		0cb34a7f-f4b7-4d64-998f-1d7396fbe39d
70	smoke	2014-04-09T17:15:11Z	2014-04-19T20:29:40Z	smoke	iwí	947d5abe-ecb7-4cb6-9ef1-1161c3997b63	ijc	ijc	iwi_947d5abe-ecb7-4cb6-9ef1-1161c3997b63		iwi		fumaça		e5df1052-900b-490e-9252-d3ffb0f2e772
71	kill	2014-04-13T15:12:29Z	2014-04-19T02:11:16Z	kill	pab	94bab3a0-3031-42ba-8ecc-914fa972c0c9	ijc	ijc	pap_94bab3a0-3031-42ba-8ecc-914fa972c0c9		pap		matar		04a0bc59-4619-4211-ba06-1c3aa79ef118
72	egg	2014-04-09T18:05:24Z	2014-04-19T20:02:15Z	egg	ĕreyén	95ca396a-1e48-4cee-a4e7-5d349a65adc9	ijc	ijc	erejen_95ca396a-1e48-4cee-a4e7-5d349a65adc9		erejen		ovo		003df8f6-eb29-4993-b342-9367b6c60e56
73	let's go	2014-04-09T18:51:51Z	2014-04-19T02:10:17Z	let's go	tipam	99c2cb5d-4b22-442e-88b6-e33f743a19f9	ijc	ijc	tipam_99c2cb5d-4b22-442e-88b6-e33f743a19f9		tipam		vamos embora		69537f42-357b-4e3e-bbe8-42fa56b0ca8a
74	hair	2014-04-09T16:18:21Z	2014-12-07T18:39:18Z	hair	üvene	9a8703ac-a03e-4be0-9577-a225b8300a7b	ijc	ijc	üvene_9a8703ac-a03e-4be0-9577-a225b8300a7b		üvene		pelo		91362bf2-572a-4a53-9d2f-dbf07671d7ed" order="2
75	capuchin monkey	2014-04-09T18:00:14Z	2014-04-19T20:18:54Z	capuchin monkey	yuín	9ac7a70e-879c-401c-a7bd-d3145f77c912	ijc	ijc	juin_9ac7a70e-879c-401c-a7bd-d3145f77c912		juin		macaco prego		becb752c-9cd6-46f2-ad21-dc2268650a2f
76	bad	2014-04-09T18:48:24Z	2014-04-19T20:23:37Z	bad	patraumí	9db8098a-2a04-4801-980b-2ec50e83e91b	ijc	ijc	patraumi_9db8098a-2a04-4801-980b-2ec50e83e91b		patraumi		ruim		5e61ff22-19e4-4486-ba37-cc894e061d0a
77	firewood	2014-04-09T17:07:51Z	2014-04-19T20:34:15Z	firewood	isé	9e6930fd-7747-48f1-b1f5-13ff9fc5f04b	ijc	ijc	ise_9e6930fd-7747-48f1-b1f5-13ff9fc5f04b		ise		lenha		59929d1b-030e-4fb1-9ff5-0ced42a48565" order="1
78	my house	2014-04-09T19:05:37Z	2014-04-19T02:05:21Z	my house	asrü	a05b80da-4621-462f-9b87-20213d2b2951	ijc	ijc	asrǘ_a05b80da-4621-462f-9b87-20213d2b2951		asrǘ		minha casa		00cfb899-91ff-456e-beb0-a3c12dcad817
79	cold	2014-04-09T18:46:16Z	2014-04-19T20:15:38Z	cold	kasökrekā́o	a22ab95a-7a4a-4949-94ad-e93adbc1cedd	ijc	ijc	kasokrekaw_a22ab95a-7a4a-4949-94ad-e93adbc1cedd		kasokrekaw		frio		5aaaac5c-eb1c-4c0b-a192-8050b17493db
80	Arikem	2014-04-09T17:41:39Z	2014-04-19T20:25:27Z	Arikem	kukakrapā́	a319d224-9c89-4562-b70c-9325223cd413	ijc	ijc	kukakrapa_a319d224-9c89-4562-b70c-9325223cd413		kukakrapa		Arikém		1dd6981d-4b16-4a35-a64f-9d29e3654a8b
81	agouti	2014-04-09T18:02:51Z	2014-04-19T20:26:06Z	agouti	tapíu	a6a4f098-d5cc-4c18-a88d-eab8e14f8541	ijc	ijc	tapiw_a6a4f098-d5cc-4c18-a88d-eab8e14f8541		tapiw		cutia		6e4aab28-200d-48f9-b4be-22fdfd925eb2
82	corn	2014-04-09T18:17:33Z	2014-04-19T20:06:28Z	corn	mapág	a81159e9-f18d-4cb9-bba2-628bb3b127dd	ijc	ijc	mapak_a81159e9-f18d-4cb9-bba2-628bb3b127dd		mapak		milho		5106ea3a-6f1f-411f-b589-3c3780f7bbca
83	three	2014-04-13T15:33:02Z	2014-04-18T23:43:28Z	three	munim piá	a85f9235-2168-4d2f-bf29-d54a72a88028	ijc	ijc	munim pia_a85f9235-2168-4d2f-bf29-d54a72a88028		munim pia		três		409bb0b8-5a61-4352-a18e-84950694b780
84	woman	2014-04-09T17:36:32Z	2014-04-18T23:27:05Z	woman	yamrá	afa95a88-fee6-460b-9de9-273621b71e67	ijc	ijc	jamra_afa95a88-fee6-460b-9de9-273621b71e67		jamra		mulher		14950d84-fc3f-4580-b9bb-8d5f86de9e8b
85	black	2014-04-09T18:49:16Z	2014-04-19T20:20:53Z	black	kaskáid	b10f289b-c522-4284-a02c-010e8a7eeee7	ijc	ijc	kaskájt_b10f289b-c522-4284-a02c-010e8a7eeee7		kaskájt		preto		7485cc63-5d38-459d-8644-c5e2e44e5deb
86	red macaw	2014-04-09T18:12:31Z	2014-04-19T20:31:19Z	red macaw	tramín	b16e7773-cabb-4bf3-b261-501dbde69bf0	ijc	ijc	tramin_b16e7773-cabb-4bf3-b261-501dbde69bf0		tramin		arara vermelho		ee90ac11-bb49-476c-9212-fb14f0da7130
87	manioc	2014-04-09T18:20:37Z	2014-04-19T02:08:20Z	manioc	akṓb	b3fa3d90-6b65-40bf-af29-2c3274cc884d	ijc	ijc	akop_b3fa3d90-6b65-40bf-af29-2c3274cc884d		akop		mandioca		7f74eabc-93ad-435c-a6dd-8b9d0c89ccab
88	arrow	2014-04-09T17:22:28Z	2014-04-19T20:24:44Z	arrow	kiṓ	b5fa6860-942d-4f76-8755-d15c80f44d26	ijc	ijc	kio_b5fa6860-942d-4f76-8755-d15c80f44d26		kio		flecha		945610b1-4901-4b60-998b-0fdd4759b681
89	arc 	2014-04-09T17:16:43Z	2014-04-19T20:25:41Z	arc 	mapíp	b8a309aa-6cbe-4dc0-8485-66f76b5f00c5	ijc	ijc	mapip_b8a309aa-6cbe-4dc0-8485-66f76b5f00c5		mapip		arco		f59541f5-0c20-49b9-a2b2-51c5016d6b1d
90	mouth	2014-04-09T16:30:23Z	2014-04-21T13:12:05Z	mouth	tupaka	b8d4cf8d-8e33-40e7-a345-b8e26a290693	ijc	ijc	tupaka_b8d4cf8d-8e33-40e7-a345-b8e26a290693		tupaka		boca		7a93b96c-159d-4618-a508-ae9381247b29
91	gourd	2014-04-09T17:25:45Z	2014-04-19T19:50:58Z	gourd	oru̥m	bad65cb7-b388-4f50-aefe-1eb53b1d527c	ijc	ijc	orym_bad65cb7-b388-4f50-aefe-1eb53b1d527c		orym		cuia		dc0711d7-648a-43ae-a83a-350dd079a109
92	testicles	2014-04-09T16:27:16Z	2014-04-21T13:16:09Z	testicles	tura	bae32220-53eb-4590-8aa7-731aa49c9b4a	ijc	ijc	tura_bae32220-53eb-4590-8aa7-731aa49c9b4a		tura		testiculos		5bcc03ee-1e72-4f6f-8ede-eb2100275fed
93	hot	2014-04-09T18:33:47Z	2014-04-19T02:16:34Z	hot	tiná	bccf75a5-c48d-4a0a-aa49-176ad9150cda	ijc	ijc	tina_bccf75a5-c48d-4a0a-aa49-176ad9150cda		tina		quente		8fea08d3-4ad5-4361-a058-04046b07bdcc
94	fish	2014-04-09T18:07:58Z	2014-04-19T19:55:20Z	fish	ihã́m	c3414492-a05c-44a2-a433-cc9b94ce8cdf	ijc	ijc	iham_c3414492-a05c-44a2-a433-cc9b94ce8cdf		iham		peixe		928b3f98-4877-4aa7-9e54-a5290cea9e35
95	head	2014-04-09T16:16:42Z	2014-04-21T13:15:01Z	head	üpirĭ	c367514d-19ee-4aed-9a07-536362a8ac9b	ijc	ijc	üpiri_c367514d-19ee-4aed-9a07-536362a8ac9b		üpiri		cabeça		23d6afed-4b3b-4fbb-be58-c1750a764022
96	big pacú	2014-04-09T18:08:50Z	2014-04-19T20:21:14Z	big pacú	oyū̥b	c37c91f3-726d-48d8-bf39-cdc90be40171	ijc	ijc	ojyp_c37c91f3-726d-48d8-bf39-cdc90be40171		ojyp		pacú grande		80516a64-7415-4761-af58-7e77cb25a8b0
97	3sg.m.P	2014-04-13T15:14:22Z	2014-04-19T20:27:17Z	3sg.m.P	on	c6216e9e-a24d-4b33-a82b-553f1e320fd8	ijc	ijc	-on_c6216e9e-a24d-4b33-a82b-553f1e320fd8		-on		 3sg.m.P		9e3c383a-ae25-480c-b7bc-c026a4c47359
98	louse	2014-04-09T18:16:06Z	2014-04-19T02:10:01Z	louse	iw	c679480a-c0c0-47b8-a91d-fff2453fdf8e	ijc	ijc	iw_c679480a-c0c0-47b8-a91d-fff2453fdf8e		iw		piolho		e95567be-258c-4452-ad4f-e3cd85e69c17
99	brocket deer	2014-04-09T18:02:24Z	2014-04-19T20:19:40Z	brocket deer	yemṍb	c7905995-f22a-4df3-b2fa-77fc32adcdc8	ijc	ijc	jemõp_c7905995-f22a-4df3-b2fa-77fc32adcdc8		jemõp		veado mateiro		66e6eaf1-5bcf-4eeb-bec4-70b167ff0ec7
100	imp	2014-04-13T15:13:26Z	2014-04-19T02:14:28Z	imp	er	c80daf5d-6d35-4628-853b-d19298e00741	ijc	ijc	=er_c80daf5d-6d35-4628-853b-d19298e00741		=er		imp		367f32fc-b2d1-4b07-a08c-7de318219b0d
101	ear	2014-04-09T16:32:12Z	2014-04-21T13:13:53Z	ear	trai	c925658f-12f8-416f-9a9d-fa3ee49d3969	ijc	ijc	trai_c925658f-12f8-416f-9a9d-fa3ee49d3969		trai		orelha		3a533475-c66f-43aa-9955-49cd79ee0c41
102	chicken	2014-04-09T18:13:40Z	2014-04-19T20:17:04Z	chicken	enaintuá	ca4a01c1-ea58-4719-a6ad-837654208734	ijc	ijc	enaintua_ca4a01c1-ea58-4719-a6ad-837654208734		enaintua		galinha		fd466f30-25d7-4769-96b2-db55d0881ca1
103	tongue	2014-04-09T16:11:15Z	2014-04-18T23:37:07Z	tongue	kapiaka	cea280de-b8c6-471e-8b6f-2dad6b310b89	ijc	ijc	kapiaka_cea280de-b8c6-471e-8b6f-2dad6b310b89		kapiaka		língua		c28d4c22-49f7-4a5c-9a5d-7965a757df05
104	eat	2014-04-09T18:50:29Z	2014-04-19T20:02:47Z	eat	kau	d24d9000-5d24-4058-830f-16d046b8c8bf	ijc	ijc	kaw_d24d9000-5d24-4058-830f-16d046b8c8bf		kaw		coma		10ae43af-295f-4b56-8f9b-871ae0c64451
105	cold wind	2014-04-09T18:47:23Z	2014-04-19T20:15:22Z	cold wind	kahu̥	d2c9d93a-380d-4c70-9aaa-796ea8e18d9b	ijc	ijc	kahy_d2c9d93a-380d-4c70-9aaa-796ea8e18d9b		kahy		vento frio		5fda5fff-5d47-460b-b79b-d94a5aabe423
106	you	2014-04-09T18:59:21Z	2014-04-18T23:26:54Z	you	vim	d2f86abe-d4e4-4480-a167-ca909680a516	ijc	ijc	vim_d2f86abe-d4e4-4480-a167-ca909680a516		vim		tu		9f4f6546-4bf2-4ac8-931e-629f23e7bea9
107	pleiade	2014-04-09T16:55:03Z	2014-04-19T02:00:10Z	pleiade	tohetökon	d4011b6b-3221-4bbf-9881-9de8605a38b4	ijc	ijc	tohetokon_d4011b6b-3221-4bbf-9881-9de8605a38b4		tohetokon		pleiade		ebd64afe-0efe-4531-90d2-11f7d0a0af40
108	name	2014-04-09T17:53:32Z	2014-04-19T20:32:48Z	name	üvütǘ	d44b63d2-928c-413a-b72f-805e5a4c1ff3	ijc	ijc	üvütü_d44b63d2-928c-413a-b72f-805e5a4c1ff3		üvütü		nome		f1a6dfa7-e704-4210-9c09-17e9a746486f
109	small arrow of straw	2014-04-09T17:23:23Z	2014-04-19T01:53:06Z	small arrow of straw	kawá	d4d56ae1-4d54-4d06-9ec5-77ca43dc3664	ijc	ijc	kawa_d4d56ae1-4d54-4d06-9ec5-77ca43dc3664		kawa		flecha pequena de palha		6a9c5ebc-12d6-4b7a-afbc-646d0846de08
110	1pl.incl.poss	2014-04-13T15:44:35Z	2014-04-19T20:27:26Z	1pl.incl.poss	si	d6991426-28c8-472c-b608-a5ca6e3fb637	ijc	en	-si_d6991426-28c8-472c-b608-a5ca6e3fb637		-si		1pl.incl.poss		d00f954d-63d0-42aa-a42f-cab3e622e9a4
111	penis	2014-04-09T16:37:30Z	2014-04-21T13:15:50Z	penis	yakata	da9a27f9-724f-4fdc-bea3-0c5bc3101a42	ijc	ijc	jakata_da9a27f9-724f-4fdc-bea3-0c5bc3101a42		jakata		penis		fabccdda-b129-44b2-8e3f-0a2b4eb0fe1b
112	bone	2014-04-09T16:39:51Z	2014-04-21T13:13:11Z	bone	ara	dc8a4fc2-7845-4c54-ac9d-a0e356b59f52	ijc	ijc	ara_dc8a4fc2-7845-4c54-ac9d-a0e356b59f52		ara		osso		46551447-889f-42d7-9a24-f001f7dbc2bc
113	suruby	2014-04-09T18:15:12Z	2014-04-18T23:45:58Z	suruby	trawán	dcdcb41d-55fb-45ff-a0a1-4dd81174f9ad	ijc	ijc	trawan_dcdcb41d-55fb-45ff-a0a1-4dd81174f9ad		trawan		suruby		d8d7fa50-b710-482d-9145-935594e1e502
114	dog	2014-04-09T18:10:50Z	2014-04-19T20:04:50Z	dog	ĕrahí	dd57e544-c07b-4851-9331-1d1b11a07099	ijc	ijc	erahi_dd57e544-c07b-4851-9331-1d1b11a07099		erahi		cachorro		4e2849fb-8b46-4783-bf1a-7259f89450bc
115	husband	2014-04-09T17:32:42Z	2014-04-18T23:26:48Z	husband	tasí	deed0315-c361-4e85-a895-5f1be2f0b379	ijc	ijc	tasi_deed0315-c361-4e85-a895-5f1be2f0b379		tasi		marido		b195dd7f-9e96-4388-8cf0-f43a5dd3339c
116	one	2014-04-09T18:23:06Z	2014-04-19T20:32:33Z	one	muním	e0c64e81-4a7b-4e57-ab9e-ba0d7ecce34a	ijc	ijc	munim_e0c64e81-4a7b-4e57-ab9e-ba0d7ecce34a		munim		um		215897a8-764a-45a2-9132-14da347131f8
117	water	2014-04-09T17:05:51Z	2014-04-18T23:27:46Z	water	kom	e2ef46db-100b-4287-8152-844a2db74c68	ijc	ijc	kom_e2ef46db-100b-4287-8152-844a2db74c68		kom		agua		18f7d8dd-f131-4a11-901f-a4b30c6ce511
118	cold wind	2014-04-09T18:47:50Z	2014-04-19T20:14:14Z	cold wind	sív	e363634c-7cf3-4b4a-9431-8a31745db148	ijc	ijc	siv_e363634c-7cf3-4b4a-9431-8a31745db148		siv		vento frio		e27baf09-999c-42a0-8a25-cd7a8f8d0bdd
119	mother	2014-04-09T17:29:50Z	2014-04-19T02:07:20Z	mother	ĭvé	e6c433c1-61e4-4970-8169-97d256338a9a	ijc	ijc	ive_e6c433c1-61e4-4970-8169-97d256338a9a		ive		mãi		b2801048-ef9f-4580-b9a4-3e1ae3b8d92d
120	civilized	2014-04-09T17:47:18Z	2014-04-19T20:16:00Z	civilized	ih̠arí	eb868707-a970-44f1-824f-3b8e22f08fb9	ijc	ijc	ihari_eb868707-a970-44f1-824f-3b8e22f08fb9		ihari		civilizado		4127cfe3-5075-4ec2-9c1d-58fa7ed762d5
121	tobacco	2014-04-09T18:21:28Z	2014-04-18T23:37:55Z	tobacco	kahö́b	ee5d4e2f-46ee-4d56-ba4b-fd299a954675	ijc	ijc	kahop_ee5d4e2f-46ee-4d56-ba4b-fd299a954675		kahop		tabaco		4f00c7ed-e9ec-4adc-9823-d49374f6a7fb
122	rooftop	2014-04-09T16:49:34Z	2014-12-07T18:41:04Z	rooftop	trakam	f0009541-e7e0-483e-8b7b-d2ab7eddaf0e	ijc	ijc	trakam_f0009541-e7e0-483e-8b7b-d2ab7eddaf0e		trakam		cumieira		3f0e1dea-2529-4ffe-8505-f1f9a5383b31" order="1
123	honey	2014-04-09T18:09:23Z	2014-12-07T18:01:06Z	honey	taví	f45a5b87-0f72-4e17-b586-55568f6be09c	ijc	ijc	tavi_f45a5b87-0f72-4e17-b586-55568f6be09c		tavi		mel		e22d5cf8-1d32-4909-862c-8625ed9c47df" order="1
124	house	2014-04-09T17:17:51Z	2014-04-19T02:15:46Z	house	atré̠m	fa772be3-fd73-452d-9bcb-825863315030	ijc	ijc	atrem_fa772be3-fd73-452d-9bcb-825863315030		atrem		casa		991eb88e-af7e-475b-b623-8d07f56d2f8f
125	good	2014-04-09T18:39:12Z	2014-04-19T19:51:23Z	good	wasab	fc7607a0-41e5-4262-b5b5-df65d04b36e4	ijc	ijc	wasap_fc7607a0-41e5-4262-b5b5-df65d04b36e4		wasap		bom		9b296d50-0f55-492f-a27d-738717488f34
126	we	2014-04-09T19:01:44Z	2014-04-18T23:27:26Z	we	warí	fdca7163-3f5a-4691-ada4-15cb6cf29626	ijc	ijc	wari_fdca7163-3f5a-4691-ada4-15cb6cf29626		wari		nós		bb0b6d61-5710-448c-a25c-2a2f27d0ecbd
127	Urupa	2014-04-09T17:40:27Z	2014-04-18T23:28:04Z	Urupa	u̥rupá	fe56fadb-7995-4d78-815d-4a4eafc4d235	ijc	ijc	yrupa_fe56fadb-7995-4d78-815d-4a4eafc4d235		yrupa		Urupá		c7ab5983-6d40-4c00-b88f-b8eab22b874e
128	vagina	2014-04-09T16:38:29Z	2014-04-18T23:27:57Z	vagina	ikíd	fef8146d-80fd-4508-97d9-351098f4f802	ijc	ijc	ikit_fef8146d-80fd-4508-97d9-351098f4f802		ikit		membro feminino		e8bd8895-0a36-469f-a710-3f13250c0409
